"Gene","ubi_type_full","Ubi_Score","Basic_Score","Immune_Score","Metabolic_Score","Combined_Score","Pan_Rank"
"UBB","Other ubiquitin-related gene",0.6,0.523333993800167,0.127068200429858,0.346161232211523,0.612945515185629,1
"NEDD4","Ubiquitin ligase (E3)",1,0.285950564413638,0.237743813734806,0.2576155267466,0.538761925517078,2
"USP14","Deubiquitinating enzyme (DUB)",0.9,0.485726008105394,0.255755334601308,0.267808727257091,0.342717199160828,3
"MUL1","Ubiquitin ligase (E3)",1,0.58421980275259,0.219233693704868,0.362256029121629,0.33606458010374,4
"TRIM44","Deubiquitinating enzyme (DUB)",0.9,0.524014552228602,0.283236307022623,0.265626525009991,0.320497658562499,5
"USP7","Deubiquitinating enzyme (DUB)",0.9,0.54603757342635,0.180998644243495,0.234710768363123,0.238383783425607,6
"MDM2","Ubiquitin ligase (E3)",1,0.333716929693244,0.178567157676117,0.140220778765259,0.225212628140476,7
"UBE2C","Ubiquitin-conjugating enzyme (E2)",0.8,0.356665352316048,0.142255313792312,0.171970682957541,0.192751370661744,8
"FBXW7","Ubiquitin ligase (E3)",1,0.232749404825937,0.278768255527664,0.191505194208883,0.178940890452588,9
