"part","md5","bytes"
"part_000.tar.gz","525df8d2e22187dc0f98284b9ecee989",100663296
"part_001.tar.gz","bfe246aa600ac00f168ef70b313427ae",100663296
"part_002.tar.gz","ebb61f0a3fcfb36ad57e687463b284be",100663296
"part_003.tar.gz","17c6d9cebdcbd20ddca75d142b5a913f",100663296
"part_004.tar.gz","cdab59f0791489e2c07d76d777a4db5d",100663296
"part_005.tar.gz","f15d9b0b588ef4c04d1a16d1d71b14ac",100663296
"part_006.tar.gz","ed180d67b4bb6b0035d0f6a0167d950f",100663296
"part_007.tar.gz","31bb3dc65334251d5f36485c19759ab7",100663296
"part_008.tar.gz","5d33a8daf96426408f0d0a5adcbddaa3",100663296
"part_009.tar.gz","962ec974c6493537be37d693080e8cd5",100663296
"part_010.tar.gz","16e4ef132f7518cb4d0918ab2b4c888d",100663296
"part_011.tar.gz","b0bd419ca2306c8acaf511fd22a0ba1e",100663296
"part_012.tar.gz","8c9cfb3ce3ce073672821f357dffe67a",100663296
"part_013.tar.gz","112adfe06864403119cd901eb9be4d43",100663296
"part_014.tar.gz","d6550b7c6aeec15fd0358745f099113b",100663296
"part_015.tar.gz","150e9fdab613c0757547c63f01f1c29b",100663296
"part_016.tar.gz","4e948b13dd8fecfbd0cc5fc7982df65c",100663296
"part_017.tar.gz","6d52e85033ea81991c6c4e0cafd59684",100663296
"part_018.tar.gz","88d06f1490021f31869347e97f41b9cf",100663296
"part_019.tar.gz","01901648f06ae6a97ff2b0d1ce4c3934",100663296
"part_020.tar.gz","f3ac35a08bdc0157775a96c3285c297f",100663296
"part_021.tar.gz","b5db987e5529c38ae3b6cdeafb5dda30",100663296
"part_022.tar.gz","df9d0dc9dcf58c7945bb8e7595130780",100663296
"part_023.tar.gz","8be0e006a713c3da8163fc70b24097ea",100663296
"part_024.tar.gz","ef427e5a0d5627967b63cac0c57059d3",100663296
"part_025.tar.gz","7657e5a8cdfb0d4b16a02450f999d79b",100663296
"part_026.tar.gz","5079ed7c78a86677280253f76a64608f",100663296
"part_027.tar.gz","a2d8e942a19d01acfeeba69e7ceb3f96",100663296
"part_028.tar.gz","a45d6b821f036701035aadb2f663396d",100663296
"part_029.tar.gz","7bb1d0bd9a3e863739dbaa87100af6dd",100663296
"part_030.tar.gz","d5eb48b5a9dba04094fa4b69acdb07ab",100663296
"part_031.tar.gz","0b5110d631a5ae15fc6433131404ecd3",100663296
"part_032.tar.gz","cf4506320d78dc98e9c877b75a584192",100663296
"part_033.tar.gz","756f54b54cbba304c1d7c28e2366e03e",100663296
"part_034.tar.gz","857b28920083ee723bf995cac304b49c",100663296
"part_035.tar.gz","e856666d817e81a7af72559d5dbee38a",100663296
"part_036.tar.gz","bb3269b3ebfabc749147644eb5eb228d",100663296
"part_037.tar.gz","2ea76cca0daa1f89de3b2c6b658d03e1",100663296
"part_038.tar.gz","35d955d4cd1e8b111ef1f59300ea8879",100663296
"part_039.tar.gz","f7b9afa555713913344ba325633e44f3",100663296
"part_040.tar.gz","322a96fac56cec4830385a2d92530369",100663296
"part_041.tar.gz","f3200059ed442f88f45e4e39e15bb46b",100663296
"part_042.tar.gz","3e61aaf2c6eebc4888ae557dcf4c14b3",100663296
"part_043.tar.gz","ea0d80a39bb075f614b01058dad7b3b5",100663296
"part_044.tar.gz","81de7f0eff36e71ba116495de4b24346",100663296
"part_045.tar.gz","50b46d21b06c1bf3341e835360d91a1c",7997952
